Workbook

Sheet Attendance Data
A1: 📋 STAFF ATTENDANCE MASTER – FY 2024-25
A2: Emp ID | B2: Employee Name | C2: Designation | D2: Zone | E2: Month | F2: Days Present | G2: Status
A3: E001 | B3: Amit Kumar | C3: Supervisor | D3: North | E3: April | F3: 24 | G3: Good
A4: E001 | B4: Amit Kumar | C4: Supervisor | D4: North | E4: May | F4: 24 | G4: Good
A5: E001 | B5: Amit Kumar | C5: Supervisor | D5: North | E5: June | F5: 21 | G5: Warning
A6: E001 | B6: Amit Kumar | C6: Supervisor | D6: North | E6: July | F6: 20 | G6: Warning
A7: E001 | B7: Amit Kumar | C7: Supervisor | D7: North | E7: August | F7: 21 | G7: Warning
A8: E001 | B8: Amit Kumar | C8: Supervisor | D8: North | E8: September | F8: 21 | G8: Warning
A9: E001 | B9: Amit Kumar | C9: Supervisor | D9: North | E9: October | F9: 20 | G9: Warning
A10: E001 | B10: Amit Kumar | C10: Supervisor | D10: North | E10: November | F10: 19 | G10: Warning
A11: E001 | B11: Amit Kumar | C11: Supervisor | D11: North | E11: December | F11: 22 | G11: Good
A12: E001 | B12: Amit Kumar | C12: Supervisor | D12: North | E12: January | F12: 24 | G12: Good
A13: E001 | B13: Amit Kumar | C13: Supervisor | D13: North | E13: February | F13: 26 | G13: Good
A14: E001 | B14: Amit Kumar | C14: Supervisor | D14: North | E14: March | F14: 26 | G14: Good
... A206: E017 | B206: Sanjay Kumar | C206: Accountant | D206: South | E206: March | F206: 22 | G206: Good

Sheet COUNTIF Analysis
A1: 📊 COUNTIF – ATTENDANCE ANALYSIS BY EMPLOYEE | F1: 📊 COUNTIF – STATUS SUMMARY
A2: Employee | B2: Total Present Days | C2: Months >22 Days | D2: Status = 'Good' | F2: Status | G2: Count | H2: % of Total
A3: Amit Kumar | B3: =SUMIF('Attendance Data'!B:B,A3,'Attendance Data'!F:F) -> 268 | C3: =COUNTIFS('Attendance Data'!B:B,A3,'Attendance Data'!F:F,">"&22) -> 5 | D3: =COUNTIFS('Attendance Data'!B:B,A3,'Attendance Data'!G:G,"Good") -> 6 | F3: Good | G3: =COUNTIF('Attendance Data'!G:G,F3) -> 115 | H3: =IFERROR(G3/SUM($G$3:$G$5),0) -> 0.56372549
A4: Priya Singh | B4: =SUMIF('Attendance Data'!B:B,A4,'Attendance Data'!F:F) -> 266 | C4: =COUNTIFS('Attendance Data'!B:B,A4,'Attendance Data'!F:F,">"&22) -> 6 | D4: =COUNTIFS('Attendance Data'!B:B,A4,'Attendance Data'!G:G,"Good") -> 6 | F4: Warning | G4: =COUNTIF('Attendance Data'!G:G,F4) -> 89 | H4: =IFERROR(G4/SUM($G$3:$G$5),0) -> 0.43627451
A5: Ravi Sharma | B5: =SUMIF('Attendance Data'!B:B,A5,'Attendance Data'!F:F) -> 265 | C5: =COUNTIFS('Attendance Data'!B:B,A5,'Attendance Data'!F:F,">"&22) -> 6 | D5: =COUNTIFS('Attendance Data'!B:B,A5,'Attendance Data'!G:G,"Good") -> 7 | F5: Absent Risk | G5: =COUNTIF('Attendance Data'!G:G,F5) -> 0 | H5: =IFERROR(G5/SUM($G$3:$G$5),0) -> 0
A6: Sneha Patel | B6: =SUMIF('Attendance Data'!B:B,A6,'Attendance Data'!F:F) -> 267 | C6: =COUNTIFS('Attendance Data'!B:B,A6,'Attendance Data'!F:F,">"&22) -> 6 | D6: =COUNTIFS('Attendance Data'!B:B,A6,'Attendance Data'!G:G,"Good") -> 6
A7: Mohit Gupta | B7: =SUMIF('Attendance Data'!B:B,A7,'Attendance Data'!F:F) -> 258 | C7: =COUNTIFS('Attendance Data'!B:B,A7,'Attendance Data'!F:F,">"&22) -> 5 | D7: =COUNTIFS('Attendance Data'!B:B,A7,'Attendance Data'!G:G,"Good") -> 5
A8: Anjali Verma | B8: =SUMIF('Attendance Data'!B:B,A8,'Attendance Data'!F:F) -> 256 | C8: =COUNTIFS('Attendance Data'!B:B,A8,'Attendance Data'!F:F,">"&22) -> 4 | D8: =COUNTIFS('Attendance Data'!B:B,A8,'Attendance Data'!G:G,"Good") -> 5
A9: Suresh Nair | B9: =SUMIF('Attendance Data'!B:B,A9,'Attendance Data'!F:F) -> 266 | C9: =COUNTIFS('Attendance Data'!B:B,A9,'Attendance Data'!F:F,">"&22) -> 6 | D9: =COUNTIFS('Attendance Data'!B:B,A9,'Attendance Data'!G:G,"Good") -> 7
A10: Kavita Joshi | B10: =SUMIF('Attendance Data'!B:B,A10,'Attendance Data'!F:F) -> 259 | C10: =COUNTIFS('Attendance Data'!B:B,A10,'Attendance Data'!F:F,">"&22) -> 4 | D10: =COUNTIFS('Attendance Data'!B:B,A10,'Attendance Data'!G:G,"Good") -> 5
A11: Deepak Rao | B11: =SUMIF('Attendance Data'!B:B,A11,'Attendance Data'!F:F) -> 252 | C11: =COUNTIFS('Attendance Data'!B:B,A11,'Attendance Data'!F:F,">"&22) -> 3 | D11: =COUNTIFS('Attendance Data'!B:B,A11,'Attendance Data'!G:G,"Good") -> 5
A12: Meena Kumari | B12: =SUMIF('Attendance Data'!B:B,A12,'Attendance Data'!F:F) -> 272 | C12: =COUNTIFS('Attendance Data'!B:B,A12,'Attendance Data'!F:F,">"&22) -> 9 | D12: =COUNTIFS('Attendance Data'!B:B,A12,'Attendance Data'!G:G,"Good") -> 9
A13: Harish Tiwari | B13: =SUMIF('Attendance Data'!B:B,A13,'Attendance Data'!F:F) -> 265 | C13: =COUNTIFS('Attendance Data'!B:B,A13,'Attendance Data'!F:F,">"&22) -> 4 | D13: =COUNTIFS('Attendance Data'!B:B,A13,'Attendance Data'!G:G,"Good") -> 7
A14: Sunita Devi | B14: =SUMIF('Attendance Data'!B:B,A14,'Attendance Data'!F:F) -> 276 | C14: =COUNTIFS('Attendance Data'!B:B,A14,'Attendance Data'!F:F,">"&22) -> 7 | D14: =COUNTIFS('Attendance Data'!B:B,A14,'Attendance Data'!G:G,"Good") -> 9
A15: Vijay Mishra | B15: =SUMIF('Attendance Data'!B:B,A15,'Attendance Data'!F:F) -> 272 | C15: =COUNTIFS('Attendance Data'!B:B,A15,'Attendance Data'!F:F,">"&22) -> 6 | D15: =COUNTIFS('Attendance Data'!B:B,A15,'Attendance Data'!G:G,"Good") -> 9
A16: Rekha Sharma | B16: =SUMIF('Attendance Data'!B:B,A16,'Attendance Data'!F:F) -> 265 | C16: =COUNTIFS('Attendance Data'!B:B,A16,'Attendance Data'!F:F,">"&22) -> 6 | D16: =COUNTIFS('Attendance Data'!B:B,A16,'Attendance Data'!G:G,"Good") -> 8
A17: Arun Yadav | B17: =SUMIF('Attendance Data'!B:B,A17,'Attendance Data'!F:F) -> 268 | C17: =COUNTIFS('Attendance Data'!B:B,A17,'Attendance Data'!F:F,">"&22) -> 5 | D17: =COUNTIFS('Attendance Data'!B:B,A17,'Attendance Data'!G:G,"Good") -> 6
... A19: Sanjay Kumar | B19: =SUMIF('Attendance Data'!B:B,A19,'Attendance Data'!F:F) -> 265 | C19: =COUNTIFS('Attendance Data'!B:B,A19,'Attendance Data'!F:F,">"&22) -> 5 | D19: =COUNTIFS('Attendance Data'!B:B,A19,'Attendance Data'!G:G,"Good") -> 8

Sheet Payroll - SUMIF
A1: 💰 PAYROLL CALCULATOR – SUMIF & COUNTIF BASED
A2: Emp ID | B2: Name | C2: Designation | D2: Zone | E2: Basic Salary (₹) | F2: Days Present | G2: Salary Earned (₹) | H2: Deduction (₹) | I2: Net Pay (₹)
A3: E001 | B3: Amit Kumar | C3: Supervisor | D3: North | E3: 28000 | F3: =SUMIFS('Attendance Data'!F:F,'Attendance Data'!B:B,B3,'Attendance Data'!E:E,"March") -> 26 | G3: =ROUND(E3/26*F3,0) -> 28000 | H3: =IFERROR(IF(F3<22,(22-F3)*200,0),0) -> 0 | I3: =G3-H3 -> 28000
A4: E002 | B4: Priya Singh | C4: Cashier | D4: North | E4: 18000 | F4: =SUMIFS('Attendance Data'!F:F,'Attendance Data'!B:B,B4,'Attendance Data'!E:E,"March") -> 23 | G4: =ROUND(E4/26*F4,0) -> 15923 | H4: =IFERROR(IF(F4<22,(22-F4)*200,0),0) -> 0 | I4: =G4-H4 -> 15923
A5: E003 | B5: Ravi Sharma | C5: Pump Operator | D5: South | E5: 16000 | F5: =SUMIFS('Attendance Data'!F:F,'Attendance Data'!B:B,B5,'Attendance Data'!E:E,"March") -> 21 | G5: =ROUND(E5/26*F5,0) -> 12923 | H5: =IFERROR(IF(F5<22,(22-F5)*200,0),0) -> 200 | I5: =G5-H5 -> 12723
A6: E004 | B6: Sneha Patel | C6: Cashier | D6: South | E6: 18000 | F6: =SUMIFS('Attendance Data'!F:F,'Attendance Data'!B:B,B6,'Attendance Data'!E:E,"March") -> 20 | G6: =ROUND(E6/26*F6,0) -> 13846 | H6: =IFERROR(IF(F6<22,(22-F6)*200,0),0) -> 400 | I6: =G6-H6 -> 13446
A7: E005 | B7: Mohit Gupta | C7: Security | D7: East | E7: 15000 | F7: =SUMIFS('Attendance Data'!F:F,'Attendance Data'!B:B,B7,'Attendance Data'!E:E,"March") -> 24 | G7: =ROUND(E7/26*F7,0) -> 13846 | H7: =IFERROR(IF(F7<22,(22-F7)*200,0),0) -> 0 | I7: =G7-H7 -> 13846
A8: E006 | B8: Anjali Verma | C8: Admin | D8: East | E8: 20000 | F8: =SUMIFS('Attendance Data'!F:F,'Attendance Data'!B:B,B8,'Attendance Data'!E:E,"March") -> 21 | G8: =ROUND(E8/26*F8,0) -> 16154 | H8: =IFERROR(IF(F8<22,(22-F8)*200,0),0) -> 200 | I8: =G8-H8 -> 15954
A9: E007 | B9: Suresh Nair | C9: Pump Operator | D9: West | E9: 16000 | F9: =SUMIFS('Attendance Data'!F:F,'Attendance Data'!B:B,B9,'Attendance Data'!E:E,"March") -> 19 | G9: =ROUND(E9/26*F9,0) -> 11692 | H9: =IFERROR(IF(F9<22,(22-F9)*200,0),0) -> 600 | I9: =G9-H9 -> 11092
A10: E008 | B10: Kavita Joshi | C10: Cashier | D10: West | E10: 18000 | F10: =SUMIFS('Attendance Data'!F:F,'Attendance Data'!B:B,B10,'Attendance Data'!E:E,"March") -> 25 | G10: =ROUND(E10/26*F10,0) -> 17308 | H10: =IFERROR(IF(F10<22,(22-F10)*200,0),0) -> 0 | I10: =G10-H10 -> 17308
A11: E009 | B11: Deepak Rao | C11: Manager | D11: North | E11: 45000 | F11: =SUMIFS('Attendance Data'!F:F,'Attendance Data'!B:B,B11,'Attendance Data'!E:E,"March") -> 21 | G11: =ROUND(E11/26*F11,0) -> 36346 | H11: =IFERROR(IF(F11<22,(22-F11)*200,0),0) -> 200 | I11: =G11-H11 -> 36146
A12: E010 | B12: Meena Kumari | C12: Receptionist | D12: South | E12: 17000 | F12: =SUMIFS('Attendance Data'!F:F,'Attendance Data'!B:B,B12,'Attendance Data'!E:E,"March") -> 23 | G12: =ROUND(E12/26*F12,0) -> 15038 | H12: =IFERROR(IF(F12<22,(22-F12)*200,0),0) -> 0 | I12: =G12-H12 -> 15038
A13: E011 | B13: Harish Tiwari | C13: Pump Operator | D13: East | E13: 16000 | F13: =SUMIFS('Attendance Data'!F:F,'Attendance Data'!B:B,B13,'Attendance Data'!E:E,"March") -> 22 | G13: =ROUND(E13/26*F13,0) -> 13538 | H13: =IFERROR(IF(F13<22,(22-F13)*200,0),0) -> 0 | I13: =G13-H13 -> 13538
A14: E012 | B14: Sunita Devi | C14: Admin | D14: West | E14: 20000 | F14: =SUMIFS('Attendance Data'!F:F,'Attendance Data'!B:B,B14,'Attendance Data'!E:E,"March") -> 20 | G14: =ROUND(E14/26*F14,0) -> 15385 | H14: =IFERROR(IF(F14<22,(22-F14)*200,0),0) -> 400 | I14: =G14-H14 -> 14985
... A19: E017 | B19: Sanjay Kumar | C19: Accountant | D19: South | E19: 30000 | F19: =SUMIFS('Attendance Data'!F:F,'Attendance Data'!B:B,B19,'Attendance Data'!E:E,"March") -> 22 | G19: =ROUND(E19/26*F19,0) -> 25385 | H19: =IFERROR(IF(F19<22,(22-F19)*200,0),0) -> 0 | I19: =G19-H19 -> 25385
B20: TOTAL | E20: =SUM(E3:E19) -> 348000 | G20: =SUM(G3:G19) -> 292268 | H20: =SUM(H3:H19) -> 3200 | I20: =SUM(I3:I19) -> 289068

Sheet Monthly MIS Report
A1: 📈 MONTHLY MIS REPORT – ATTENDANCE SUMMARY
A2: Month | B2: Total Present Days | C2: Employees on Leave | D2: Avg Attendance % | E2: Good Status Count | F2: Warning Count
A3: April | B3: =SUMIF('Attendance Data'!E:E,A3,'Attendance Data'!F:F) -> 370 | C3: =COUNTIFS('Attendance Data'!E:E,A3,'Attendance Data'!G:G,"Warning") -> 7 | D3: =IFERROR(B3/(17*26),0) -> 0.83710407 | E3: =COUNTIFS('Attendance Data'!E:E,A3,'Attendance Data'!G:G,"Good") -> 10 | F3: =COUNTIFS('Attendance Data'!E:E,A3,'Attendance Data'!G:G,"Warning") -> 7
A4: May | B4: =SUMIF('Attendance Data'!E:E,A4,'Attendance Data'!F:F) -> 381 | C4: =COUNTIFS('Attendance Data'!E:E,A4,'Attendance Data'!G:G,"Warning") -> 6 | D4: =IFERROR(B4/(17*26),0) -> 0.86199095 | E4: =COUNTIFS('Attendance Data'!E:E,A4,'Attendance Data'!G:G,"Good") -> 11 | F4: =COUNTIFS('Attendance Data'!E:E,A4,'Attendance Data'!G:G,"Warning") -> 6
A5: June | B5: =SUMIF('Attendance Data'!E:E,A5,'Attendance Data'!F:F) -> 380 | C5: =COUNTIFS('Attendance Data'!E:E,A5,'Attendance Data'!G:G,"Warning") -> 7 | D5: =IFERROR(B5/(17*26),0) -> 0.85972851 | E5: =COUNTIFS('Attendance Data'!E:E,A5,'Attendance Data'!G:G,"Good") -> 10 | F5: =COUNTIFS('Attendance Data'!E:E,A5,'Attendance Data'!G:G,"Warning") -> 7
A6: July | B6: =SUMIF('Attendance Data'!E:E,A6,'Attendance Data'!F:F) -> 392 | C6: =COUNTIFS('Attendance Data'!E:E,A6,'Attendance Data'!G:G,"Warning") -> 3 | D6: =IFERROR(B6/(17*26),0) -> 0.88687783 | E6: =COUNTIFS('Attendance Data'!E:E,A6,'Attendance Data'!G:G,"Good") -> 14 | F6: =COUNTIFS('Attendance Data'!E:E,A6,'Attendance Data'!G:G,"Warning") -> 3
A7: August | B7: =SUMIF('Attendance Data'!E:E,A7,'Attendance Data'!F:F) -> 374 | C7: =COUNTIFS('Attendance Data'!E:E,A7,'Attendance Data'!G:G,"Warning") -> 10 | D7: =IFERROR(B7/(17*26),0) -> 0.84615385 | E7: =COUNTIFS('Attendance Data'!E:E,A7,'Attendance Data'!G:G,"Good") -> 7 | F7: =COUNTIFS('Attendance Data'!E:E,A7,'Attendance Data'!G:G,"Warning") -> 10
A8: September | B8: =SUMIF('Attendance Data'!E:E,A8,'Attendance Data'!F:F) -> 362 | C8: =COUNTIFS('Attendance Data'!E:E,A8,'Attendance Data'!G:G,"Warning") -> 8 | D8: =IFERROR(B8/(17*26),0) -> 0.81900452 | E8: =COUNTIFS('Attendance Data'!E:E,A8,'Attendance Data'!G:G,"Good") -> 9 | F8: =COUNTIFS('Attendance Data'!E:E,A8,'Attendance Data'!G:G,"Warning") -> 8
A9: October | B9: =SUMIF('Attendance Data'!E:E,A9,'Attendance Data'!F:F) -> 382 | C9: =COUNTIFS('Attendance Data'!E:E,A9,'Attendance Data'!G:G,"Warning") -> 7 | D9: =IFERROR(B9/(17*26),0) -> 0.86425339 | E9: =COUNTIFS('Attendance Data'!E:E,A9,'Attendance Data'!G:G,"Good") -> 10 | F9: =COUNTIFS('Attendance Data'!E:E,A9,'Attendance Data'!G:G,"Warning") -> 7
A10: November | B10: =SUMIF('Attendance Data'!E:E,A10,'Attendance Data'!F:F) -> 365 | C10: =COUNTIFS('Attendance Data'!E:E,A10,'Attendance Data'!G:G,"Warning") -> 8 | D10: =IFERROR(B10/(17*26),0) -> 0.82579186 | E10: =COUNTIFS('Attendance Data'!E:E,A10,'Attendance Data'!G:G,"Good") -> 9 | F10: =COUNTIFS('Attendance Data'!E:E,A10,'Attendance Data'!G:G,"Warning") -> 8
A11: December | B11: =SUMIF('Attendance Data'!E:E,A11,'Attendance Data'!F:F) -> 367 | C11: =COUNTIFS('Attendance Data'!E:E,A11,'Attendance Data'!G:G,"Warning") -> 10 | D11: =IFERROR(B11/(17*26),0) -> 0.83031674 | E11: =COUNTIFS('Attendance Data'!E:E,A11,'Attendance Data'!G:G,"Good") -> 7 | F11: =COUNTIFS('Attendance Data'!E:E,A11,'Attendance Data'!G:G,"Warning") -> 10
A12: January | B12: =SUMIF('Attendance Data'!E:E,A12,'Attendance Data'!F:F) -> 382 | C12: =COUNTIFS('Attendance Data'!E:E,A12,'Attendance Data'!G:G,"Warning") -> 7 | D12: =IFERROR(B12/(17*26),0) -> 0.86425339 | E12: =COUNTIFS('Attendance Data'!E:E,A12,'Attendance Data'!G:G,"Good") -> 10 | F12: =COUNTIFS('Attendance Data'!E:E,A12,'Attendance Data'!G:G,"Warning") -> 7
A13: February | B13: =SUMIF('Attendance Data'!E:E,A13,'Attendance Data'!F:F) -> 376 | C13: =COUNTIFS('Attendance Data'!E:E,A13,'Attendance Data'!G:G,"Warning") -> 7 | D13: =IFERROR(B13/(17*26),0) -> 0.85067873 | E13: =COUNTIFS('Attendance Data'!E:E,A13,'Attendance Data'!G:G,"Good") -> 10 | F13: =COUNTIFS('Attendance Data'!E:E,A13,'Attendance Data'!G:G,"Warning") -> 7
A14: March | B14: =SUMIF('Attendance Data'!E:E,A14,'Attendance Data'!F:F) -> 371 | C14: =COUNTIFS('Attendance Data'!E:E,A14,'Attendance Data'!G:G,"Warning") -> 9 | D14: =IFERROR(B14/(17*26),0) -> 0.83936652 | E14: =COUNTIFS('Attendance Data'!E:E,A14,'Attendance Data'!G:G,"Good") -> 8 | F14: =COUNTIFS('Attendance Data'!E:E,A14,'Attendance Data'!G:G,"Warning") -> 9

Sheet MIS Dashboard
B2: 🏆 STAFF MIS DASHBOARD – FY 2024-25
B4: Total Staff | E4: Avg Attendance % | H4: Good Status % | K4: Total Payroll (Mar)
B5: =COUNTA('Attendance Data'!A3:A10000)/12 -> 17 | E5: =IFERROR(SUM('Attendance Data'!F:F)/(COUNTA('Attendance Data'!A3:A10000)*26),0) -> 0.84879336 | H5: =IFERROR(COUNTIF('Attendance Data'!G:G,"Good")/COUNTA('Attendance Data'!G3:G10000),0) -> 0.56372549 | K5: =SUMIF('Attendance Data'!E:E,"March",'Attendance Data'!F:F) -> 371
B6: FY 2024-25 | E6: FY 2024-25 | H6: FY 2024-25 | K6: FY 2024-25
